i,latency_ms,valid,bridge_cpu,bridge_ram_mb
0,41,false,0,0
1,25,false,0,0
2,26,false,0,0
3,28,false,0,0
4,31,false,0,0
5,33,false,0,0
6,36,false,0,0
7,38,false,0,0
8,41,false,0,0
9,43,false,0,0
10,47,false,0,0
11,49,false,0,0
12,52,false,0,0
13,55,false,0,0
14,56,false,0,0
15,59,false,0,0
16,61,false,0,0
17,64,false,0,0
18,66,false,0,0
19,69,false,0,0
20,57,false,0,0
21,58,false,0,0
22,60,false,0,0
23,59,false,0,0
24,59,false,0,0
25,59,false,0,0
26,58,false,0,0
27,59,false,0,0
28,59,false,0,0
29,57,false,0,0
30,56,false,0,0
31,57,false,0,0
32,56,false,0,0
33,56,false,0,0
34,56,false,0,0
35,55,false,0,0
36,56,false,0,0
37,55,false,0,0
38,55,false,0,0
39,57,false,0,0
40,54,false,0,0
41,55,false,0,0
42,55,false,0,0
43,201,false,0,52
44,200,false,0,52
45,198,false,0,52
46,196,false,0,52
47,195,false,0,52
48,194,false,0,52
49,191,false,0,52
50,190,false,0,52
51,188,false,0,52
52,186,false,0,52
53,184,false,0,52
54,182,false,0,52
55,181,false,0,52
56,178,false,0,52
57,177,false,0,52
58,174,false,0,52
59,171,false,0,52
60,168,false,0,52
61,167,false,0,52
62,161,false,0,52
63,24,false,0,52
64,26,false,0,52
65,28,false,0,52
66,30,false,0,52
67,30,false,0,52
68,32,false,0,52
69,33,false,0,52
70,36,false,0,52
71,38,false,0,52
72,40,false,0,52
73,42,false,0,52
74,44,false,0,52
75,46,false,0,52
76,47,false,0,52
77,49,false,0,52
78,144,false,0,52
79,143,false,0,52
80,143,false,0,52
81,144,false,0,52
82,137,false,0,52
83,134,false,0,52
84,133,false,0,52
85,131,false,0,52
86,129,false,0,52
87,127,false,0,52
88,126,false,0,52
89,123,false,0,52
90,121,false,0,52
91,120,false,0,52
92,117,false,0,52
93,115,false,0,52
94,114,false,0,52
95,112,false,0,52
96,110,false,0,52
97,114,false,0,52
98,21,false,0,52
99,23,false,0,52
100,25,false,0,52
101,29,false,0,52
102,30,false,0,52
103,40,false,0,52
104,67,true,0,52
105,90,true,0,52
106,193,true,0,52
107,194,true,0,52
108,194,true,0,52
109,195,true,0,52
110,216,true,0,52
111,239,true,0,52
112,261,true,0,52
113,286,true,0,52
114,391,true,0,52
115,391,true,0,52
116,391,true,0,52
117,389,true,0,52
118,408,true,0,52
119,430,true,0,52
120,449,true,0,52
121,468,true,0,52
122,578,true,0,52
123,568,true,0,52
124,541,true,0,52
125,518,true,0,52
126,425,true,0,52
127,448,true,0,52
128,470,true,0,52
129,491,true,0,52
130,587,true,0,52
131,564,true,0,52
132,542,true,0,52
133,518,true,0,52
134,413,true,0,52
135,438,true,0,52
136,460,true,0,52
137,480,true,0,52
138,480,true,0,52
139,562,true,0,52
140,541,true,0,52
141,518,true,0,52
142,408,true,0,52
143,426,true,0,52
144,449,true,0,52
145,472,true,0,52
146,482,true,0,52
147,574,true,0,52
148,553,true,0,52
149,530,true,0,52
150,413,true,0,52
151,416,true,0,52
152,438,true,0,52
153,460,true,0,52
154,481,true,0,52
155,480,true,0,52
156,575,true,0,52
157,552,true,0,52
158,530,true,0,52
159,425,true,0,52
160,427,true,0,52
161,450,true,0,52
162,473,true,0,52
163,477,true,0,52
164,478,true,0,52
165,562,true,0,52
166,540,true,0,52
167,426,true,0,52
168,426,true,0,52
169,437,true,0,52
170,460,true,0,52
171,480,true,0,52
172,488,true,0,52
173,578,true,0,52
174,556,true,0,52
175,534,true,0,52
176,416,true,0,52
177,424,true,0,52
178,445,true,0,52
179,468,true,0,52
180,488,true,0,52
181,487,true,0,52
182,580,true,0,52
183,557,true,0,52
184,534,true,0,52
185,427,true,0,52
186,433,true,0,52
187,457,true,0,52
188,478,true,0,52
189,489,true,0,52
190,490,true,0,52
191,565,true,0,52
192,535,true,0,52
193,422,true,0,52
194,432,true,0,52
195,456,true,0,52
196,477,true,0,52
197,493,true,0,52
198,585,true,0,52
199,562,true,0,52
200,541,true,0,52
201,516,true,0,52
202,405,true,0,52
203,428,true,0,52
204,449,true,0,52
205,473,true,0,52
206,486,true,0,52
207,573,true,0,52
208,552,true,0,52
209,529,true,0,52
210,507,true,0,52
211,419,true,0,52
212,441,true,0,52
213,472,true,0,52
214,618,true,0,52
215,595,true,0,52
216,572,true,0,52
217,549,true,0,52
218,448,true,0,52
219,474,true,0,52
220,495,true,0,52
221,615,true,0,52
222,612,true,0,52
223,589,true,0,52
224,567,true,0,52
225,547,true,0,52
226,548,true,0,52
227,462,true,0,52
228,484,true,0,52
229,508,true,0,52
230,602,true,0,52
231,592,true,0,52
232,571,true,0,52
233,540,true,0,52
234,405,true,0,52
235,428,true,0,52
236,456,true,0,52
237,479,true,0,52
238,570,true,0,52
239,545,true,0,52
240,522,true,0,52
241,403,true,0,52
242,418,true,0,52
243,442,true,0,52
244,464,true,0,52
245,483,true,0,52
246,485,true,0,52
247,553,true,0,52
248,532,true,0,52
249,508,true,0,52
250,416,true,0,52
251,440,true,0,52
252,461,true,0,52
253,483,true,0,52
254,483,true,0,52
255,575,true,0,52
256,549,true,0,52
257,526,true,0,52
258,422,true,0,52
259,428,true,0,52
260,450,true,0,52
261,475,true,0,52
262,480,true,0,52
263,479,true,0,52
264,568,true,0,52
265,546,true,0,52
266,523,true,0,52
267,428,true,0,52
268,442,true,0,52
269,465,true,0,52
270,483,true,0,52
271,484,true,0,52
272,484,true,0,52
273,556,true,0,52
274,535,true,0,52
275,419,true,0,52
276,421,true,0,52
277,444,true,0,52
278,465,true,0,52
279,482,true,0,52
280,482,true,0,52
281,570,true,0,52
282,548,true,0,52
283,525,true,0,52
284,415,true,0,52
285,423,true,0,52
286,444,true,0,52
287,467,true,0,52
288,476,true,0,52
289,476,true,0,52
290,565,true,0,52
291,541,true,0,52
292,520,true,0,52
293,423,true,0,52
294,434,true,0,52
295,459,true,0,52
296,480,true,0,52
297,480,true,0,52
298,481,true,0,52
299,556,true,0,52
300,535,true,0,52
301,422,true,0,52
302,423,true,0,52
303,448,true,0,52
304,469,true,0,52
305,486,true,0,52
306,490,true,0,52
307,563,true,0,52
308,540,true,0,52
309,518,true,0,52
310,408,true,0,52
311,430,true,0,52
312,452,true,0,52
313,476,true,0,52
314,486,true,0,52
315,574,true,0,52
316,551,true,0,52
317,527,true,0,52
318,506,true,0,52
319,415,true,0,52
320,436,true,0,52
321,458,true,0,52
322,480,true,0,52
323,479,true,0,52
324,555,true,0,52
325,531,true,0,52
326,507,true,0,52
327,411,true,0,52
328,430,true,0,52
329,454,true,0,52
330,476,true,0,52
331,474,true,0,52
332,575,true,0,52
333,553,true,0,52
334,532,true,0,52
335,419,true,0,52
336,428,true,0,52
337,453,true,0,52
338,475,true,0,52
339,491,true,0,52
340,596,true,0,52
341,572,true,0,52
342,551,true,0,52
343,528,true,0,52
344,430,true,0,52
345,453,true,0,52
346,474,true,0,52
347,497,true,0,52
348,590,true,0,52
349,568,true,0,52
350,545,true,0,52
351,523,true,0,52
352,406,true,0,52
353,429,true,0,52
354,452,true,0,52
355,474,true,0,52
356,488,true,0,52
357,564,true,0,46
358,542,true,0,46
359,519,true,0,46
360,394,true,0,46
361,415,true,0,46
362,436,true,0,46
363,460,true,0,46
364,481,true,0,46
365,575,true,0,46
366,553,true,0,46
367,529,true,0,46
368,417,true,0,46
369,428,true,0,46
370,450,true,0,46
371,473,true,0,46
372,491,true,0,46
373,494,true,0,46
374,571,true,0,46
375,548,true,0,46
376,527,true,0,46
377,431,true,0,46
378,452,true,0,46
379,474,true,0,46
380,496,true,0,46
381,497,true,0,46
382,570,true,0,46
383,547,true,0,46
384,525,true,0,46
385,413,true,0,46
386,435,true,0,46
387,461,true,0,46
388,485,true,0,46
389,498,true,0,46
390,577,true,0,46
391,554,true,0,46
392,530,true,0,46
393,505,true,0,46
394,427,true,0,46
395,451,true,0,46
396,472,true,0,46
397,490,true,0,46
398,565,true,0,46
399,542,true,0,46
400,521,true,0,46
401,504,true,0,46
402,431,true,0,46
403,454,true,0,46
404,476,true,0,46
405,495,true,0,46
406,573,true,0,46
407,548,true,0,46
408,524,true,0,46
409,500,true,0,46
410,416,true,0,46
411,439,true,0,46
412,460,true,0,46
413,482,true,0,46
414,580,true,0,46
415,556,true,0,46
416,534,true,0,46
417,510,true,0,46
418,418,true,0,46
419,442,true,0,46
420,463,true,0,46
421,482,true,0,46
422,482,true,0,46
423,557,true,0,46
424,536,true,0,46
425,512,true,0,46
426,413,true,0,46
427,434,true,0,46
428,456,true,0,46
429,480,true,0,46
430,484,true,0,46
431,564,true,0,46
432,542,true,0,46
433,520,true,0,46
434,401,true,0,46
435,426,true,0,46
436,448,true,0,46
437,471,true,0,46
438,488,true,0,46
439,591,true,0,46
440,570,true,0,46
441,545,true,0,46
442,524,true,0,46
443,435,true,0,46
444,457,true,0,46
445,484,true,0,46
446,508,true,0,46
447,588,true,0,46
448,567,true,0,46
449,543,true,0,46
450,524,true,0,46
451,446,true,0,46
452,469,true,0,46
453,492,true,0,46
454,512,true,0,46
455,581,true,0,46
456,559,true,0,46
457,536,true,0,46
458,516,true,0,46
459,412,true,0,46
460,434,true,0,46
461,457,true,0,46
462,479,true,0,46
463,590,true,0,46
464,566,true,0,46
465,540,true,0,46
466,516,true,0,46
467,415,true,0,46
468,436,true,0,46
469,460,true,0,46
470,482,true,0,46
471,480,true,0,46
472,553,true,0,46
473,530,true,0,46
474,507,true,0,46
475,416,true,0,46
476,438,true,0,46
477,461,true,0,46
478,481,true,0,46
479,480,true,0,46
480,567,true,0,46
481,545,true,0,46
482,522,true,0,46
483,402,true,0,46
484,413,true,0,46
485,435,true,0,46
486,456,true,0,46
487,477,true,0,46
488,479,true,0,46
489,554,true,0,46
490,530,true,0,46
491,507,true,0,46
492,413,true,0,46
493,437,true,0,46
494,458,true,0,46
495,480,true,0,46
496,482,true,0,46
497,557,true,0,46
498,535,true,0,46
499,513,true,0,46
500,405,true,0,46
501,428,true,0,46
502,451,true,0,46
503,474,true,0,46
504,486,true,0,46
505,584,true,0,46
506,562,true,0,46
507,539,true,0,46
508,517,true,0,46
509,426,true,0,46
510,452,true,0,46
511,474,true,0,46
512,494,true,0,46
513,593,true,0,46
514,571,true,0,46
515,548,true,0,46
516,525,true,0,46
517,430,true,0,46
518,453,true,0,46
519,476,true,0,46
520,497,true,0,46
521,590,true,0,46
522,568,true,0,46
523,544,true,0,46
524,522,true,0,46
525,405,true,0,46
526,426,true,0,46
527,449,true,0,46
528,475,true,0,46
529,488,true,0,46
530,572,true,0,46
531,548,true,0,46
532,527,true,0,46
533,404,true,0,46
534,411,true,0,46
535,435,true,0,46
536,458,true,0,46
537,477,true,0,46
538,477,true,0,46
539,551,true,0,46
540,530,true,0,46
541,413,true,0,46
542,420,true,0,46
543,443,true,0,46
544,465,true,0,46
545,485,true,0,46
546,484,true,0,46
547,564,true,0,46
548,539,true,0,46
549,516,true,0,46
550,408,true,0,46
551,431,true,0,46
552,453,true,0,46
553,476,true,0,46
554,490,true,0,46
555,574,true,0,46
556,553,true,0,46
557,530,true,0,46
558,508,true,0,46
559,432,true,0,46
560,454,true,0,46
561,477,true,0,46
562,492,true,0,46
563,492,true,0,46
564,574,true,0,46
565,551,true,0,46
566,529,true,0,46
567,427,true,0,46
568,449,true,0,46
569,471,true,0,46
570,495,true,0,46
571,496,true,0,46
572,567,true,0,46
573,545,true,0,46
574,523,true,0,46
575,416,true,0,46
576,439,true,0,46
577,462,true,0,46
578,483,true,0,46
579,485,true,0,46
580,577,true,0,46
581,554,true,0,46
582,532,true,0,46
583,509,true,0,46
584,414,true,0,46
585,437,true,0,46
586,458,true,0,46
587,481,true,0,46
588,483,true,0,46
589,562,true,0,46
590,543,true,0,46
591,520,true,0,46
592,426,true,0,46
593,451,true,0,46
594,472,true,0,46
595,495,true,0,46
596,494,true,0,46
597,570,true,0,46
598,549,true,0,46
599,525,true,0,46
600,412,true,0,46
601,433,true,0,46
602,455,true,0,46
603,478,true,0,46
604,491,true,0,46
605,579,true,0,46
606,557,true,0,46
607,533,true,0,46
608,510,true,0,46
609,417,true,0,46
610,438,true,0,46
611,463,true,0,46
612,483,true,0,46
613,573,true,0,46
614,551,true,0,46
615,528,true,0,46
616,507,true,0,46
617,412,true,0,46
618,434,true,0,46
619,456,true,0,46
620,478,true,0,46
621,480,true,0,46
622,569,true,0,46
623,546,true,0,46
624,525,true,0,46
625,413,true,0,46
626,427,true,0,46
627,451,true,0,46
628,473,true,0,46
629,482,true,0,46
630,481,true,0,46
631,556,true,0,46
632,535,true,0,46
633,421,true,0,46
634,425,true,0,46
635,447,true,0,46
636,468,true,0,46
637,485,true,0,46
638,485,true,0,46
639,576,true,0,46
640,555,true,0,46
641,533,true,0,46
642,422,true,0,46
643,428,true,0,46
644,449,true,0,46
645,473,true,0,46
646,482,true,0,46
647,481,true,0,46
648,558,true,0,46
649,535,true,0,46
650,513,true,0,46
651,418,true,0,46
652,439,true,0,46
653,462,true,0,46
654,480,true,0,46
655,480,true,0,46
656,572,true,0,46
657,549,true,0,46
658,529,true,0,46
659,413,true,0,46
660,432,true,0,46
661,455,true,0,46
662,477,true,0,46
663,495,true,0,46
664,584,true,0,46
665,560,true,0,46
666,538,true,0,46
667,513,true,0,46
668,424,true,0,46
669,447,true,0,46
670,468,true,0,46
671,491,true,0,46
672,589,true,0,46
673,566,true,0,46
674,544,true,0,46
675,521,true,0,46
676,415,true,0,46
677,438,true,0,46
678,459,true,0,46
679,482,true,0,46
680,485,true,0,46
681,563,true,0,46
682,542,true,0,46
683,519,true,0,46
684,408,true,0,46
685,429,true,0,46
686,454,true,0,46
687,477,true,0,46
688,490,true,0,46
689,571,true,0,46
690,550,true,0,46
691,526,true,0,46
692,407,true,0,46
693,427,true,0,46
694,448,true,0,46
695,472,true,0,46
696,486,true,0,46
697,577,true,0,46
698,555,true,0,46
699,533,true,0,46
700,512,true,0,46
701,419,true,0,46
702,440,true,0,46
703,463,true,0,46
704,484,true,0,46
705,485,true,0,46
706,556,true,0,46
707,533,true,0,46
708,511,true,0,46
709,410,true,0,46
710,433,true,0,46
711,457,true,0,46
712,478,true,0,46
713,484,true,0,46
714,565,true,0,46
715,542,true,0,46
716,519,true,0,46
717,407,true,0,46
718,429,true,0,46
719,453,true,0,46
720,474,true,0,46
721,488,true,0,46
722,578,true,0,46
723,555,true,0,46
724,533,true,0,46
725,510,true,0,46
726,426,true,0,46
727,449,true,0,46
728,469,true,0,46
729,490,true,0,46
730,489,true,0,46
731,560,true,0,46
732,537,true,0,46
733,511,true,0,46
734,412,true,0,46
735,434,true,0,46
736,455,true,0,46
737,477,true,0,46
738,477,true,0,46
739,561,true,0,46
740,540,true,0,46
741,517,true,0,46
742,406,true,0,46
743,420,true,0,46
744,442,true,0,46
745,466,true,0,46
746,476,true,0,46
747,475,true,0,46
748,557,true,0,46
749,535,true,0,46
750,513,true,0,46
751,424,true,0,46
752,449,true,0,46
753,475,true,0,46
754,494,true,0,46
755,582,true,0,46
756,561,true,0,46
757,538,true,0,46
758,515,true,0,46
759,419,true,0,46
760,441,true,0,46
761,465,true,0,46
762,488,true,0,46
763,598,true,0,46
764,577,true,0,46
765,554,true,0,46
766,532,true,0,46
767,510,true,0,46
768,430,true,0,46
769,452,true,0,46
770,473,true,0,46
771,491,true,0,46
772,576,true,0,46
773,550,true,0,46
774,529,true,0,46
775,419,true,0,46
776,440,true,0,46
777,464,true,0,46
778,485,true,0,46
779,507,true,0,46
780,594,true,0,46
781,571,true,0,46
782,547,true,0,46
783,424,true,0,46
784,448,true,0,46
785,471,true,0,46
786,494,true,0,46
787,613,true,0,46
788,592,true,0,46
789,569,true,0,46
790,547,true,0,46
791,527,true,0,46
792,441,true,0,46
793,464,true,0,46
794,486,true,0,46
795,508,true,0,46
796,582,true,0,46
797,559,true,0,46
798,537,true,0,46
799,504,true,0,46
800,416,true,0,46
801,439,true,0,46
802,460,true,0,46
803,481,true,0,46
804,478,true,0,46
805,551,true,0,46
806,528,true,0,46
807,407,true,0,46
808,408,true,0,46
809,431,true,0,46
810,454,true,0,46
811,475,true,0,46
812,473,true,0,46
813,566,true,0,46
814,544,true,0,46
815,521,true,0,46
816,425,true,0,46
817,431,true,0,46
818,453,true,0,46
819,475,true,0,46
820,488,true,0,46
821,586,true,0,46
822,564,true,0,46
823,541,true,0,46
824,520,true,0,46
825,433,true,0,46
826,455,true,0,46
827,482,true,0,46
828,503,true,0,46
829,601,true,0,46
830,580,true,0,46
831,556,true,0,46
832,534,true,0,46
833,421,true,0,46
834,443,true,0,46
835,466,true,0,46
836,489,true,0,46
837,507,true,0,46
838,580,true,0,46
839,557,true,0,46
840,524,true,0,46
841,407,true,0,46
842,429,true,0,46
843,453,true,0,46
844,475,true,0,46
845,489,true,0,46
846,577,true,0,46
847,551,true,0,46
848,528,true,0,46
849,405,true,0,46
850,422,true,0,46
851,447,true,0,46
852,469,true,0,46
853,488,true,0,46
854,578,true,0,46
855,555,true,0,46
856,533,true,0,46
857,510,true,0,46
858,426,true,0,46
859,449,true,0,46
860,471,true,0,46
861,492,true,0,46
862,492,true,0,46
863,579,true,0,46
864,558,true,0,46
865,534,true,0,46
866,425,true,0,46
867,446,true,0,46
868,468,true,0,46
869,490,true,0,46
870,591,true,0,46
871,565,true,0,46
872,543,true,0,46
873,520,true,0,46
874,415,true,0,46
875,438,true,0,46
876,459,true,0,46
877,484,true,0,46
878,495,true,0,46
879,570,true,0,46
880,548,true,0,46
881,525,true,0,46
882,507,true,0,46
883,420,true,0,46
884,441,true,0,46
885,464,true,0,46
886,486,true,0,46
887,572,true,0,46
888,550,true,0,46
889,528,true,0,46
890,413,true,0,46
891,435,true,0,46
892,456,true,0,46
893,480,true,0,46
894,494,true,0,46
895,580,true,0,46
896,558,true,0,46
897,534,true,0,46
898,513,true,0,46
899,427,true,0,46
900,449,true,0,46
901,471,true,0,46
902,488,true,0,46
903,488,true,0,46
904,560,true,0,46
905,537,true,0,46
906,515,true,0,46
907,409,true,0,46
908,429,true,0,46
909,453,true,0,46
910,473,true,0,46
911,473,true,0,46
912,474,true,0,46
913,548,true,0,46
914,525,true,0,46
915,417,true,0,46
916,421,true,0,46
917,445,true,0,46
918,466,true,0,46
919,476,true,0,46
920,476,true,0,46
921,566,true,0,46
922,544,true,0,46
923,520,true,0,46
924,427,true,0,46
925,432,true,0,46
926,454,true,0,46
927,476,true,0,46
928,477,true,0,46
929,477,true,0,46
930,568,true,0,46
931,545,true,0,46
932,524,true,0,46
933,426,true,0,46
934,429,true,0,46
935,453,true,0,46
936,471,true,0,46
937,470,true,0,46
938,470,true,0,46
939,556,true,0,46
940,535,true,0,46
941,423,true,0,46
942,422,true,0,46
943,428,true,0,46
944,450,true,0,46
945,478,true,0,46
946,479,true,0,46
947,478,true,0,46
948,553,true,0,46
949,531,true,0,46
950,417,true,0,46
951,419,true,0,46
952,439,true,0,46
953,462,true,0,46
954,480,true,0,46
955,481,true,0,46
956,566,true,0,46
957,544,true,0,46
958,522,true,0,46
959,414,true,0,46
960,427,true,0,46
961,455,true,0,46
962,478,true,0,46
963,496,true,0,46
964,585,true,0,46
965,552,true,0,46
966,530,true,0,46
967,507,true,0,46
968,427,true,0,46
969,451,true,0,46
970,474,true,0,46
971,496,true,0,46
972,497,true,0,46
973,576,true,0,46
974,555,true,0,46
975,530,true,0,46
976,424,true,0,46
977,442,true,0,46
978,465,true,0,46
979,491,true,0,46
980,501,true,0,46
981,585,true,0,46
982,562,true,0,46
983,538,true,0,46
984,427,true,0,46
985,436,true,0,46
986,460,true,0,46
987,483,true,0,46
988,487,true,0,46
989,486,true,0,46
990,561,true,0,46
991,537,true,0,46
992,515,true,0,46
993,415,true,0,46
994,436,true,0,46
995,459,true,0,46
996,480,true,0,46
997,485,true,0,46
998,576,true,0,46
999,549,true,0,46
